id,table,trigger,targets,rule,evidence,source,decision,status,notes
R001,questionnaire,DEMOG_HEIGHT_ENTER_UNIT_1_1,DEMOG_HEIGHT_1_1,unit -1 or -3 -> height -998 (skip); unit 1 -> height asked (applicability),quoted,Questionnaire Logic v2.2 section1,D033,encoded,
R002,questionnaire,DEMOG_HEIGHT_ENTER_UNIT_1_1,DEMOG_HEIGHT_1_1,unit 2 -> height asked (applicability); the skip half is R001's,quoted,Questionnaire Logic v2.2 section1,D033,encoded,
R003,questionnaire,DEMOG_WEIGHT_ENTER_UNIT_1_1,DEMOG_WEIGHT_1_1,unit -1 or -3 -> weight -998 (skip); unit 1 -> weight asked (applicability),quoted,Questionnaire Logic v2.2 section1,D033,encoded,
R004,questionnaire,DEMOG_WEIGHT_ENTER_UNIT_1_1,DEMOG_WEIGHT_1_1,unit 2 -> weight asked (applicability); the skip half is R003's,quoted,Questionnaire Logic v2.2 section1,D033,encoded,
R005,questionnaire,DEMOG_RELATSH_STATUS_2_1,DEMOG_RELATSH_MARR_CURR_1_1,status 2 or 4 -> asked; any other status -> -998,quoted,Questionnaire Logic v2.2 section1,D033,encoded,keyed on the v2 questionnaire gate; v1 respondents (STATUS_2_1 = -998) unconstrained (D022)
R006,questionnaire,DEMOG_RELATSH_STATUS_2_1,DEMOG_RELATSH_CIVIL_CURR_1_1,status 3 or 5 -> asked; any other status -> -998,quoted,Questionnaire Logic v2.2 section1,D033,encoded,keyed on the v2 questionnaire gate; v1 respondents (STATUS_2_1 = -998) unconstrained (D022)
R007,questionnaire,DEMOG_RELATSH_STATUS_2_1,DEMOG_RELATSH_MARR_PREV_1_1,status 6 or 8 -> asked; any other status -> -998,quoted,Questionnaire Logic v2.2 section1,D033,encoded,keyed on the v2 questionnaire gate; v1 respondents (STATUS_2_1 = -998) unconstrained (D022)
R008,questionnaire,DEMOG_RELATSH_STATUS_2_1,DEMOG_RELATSH_CIVIL_PREV_1_1,status 7 or 9 -> asked; any other status -> -998,quoted,Questionnaire Logic v2.2 section1,D033,encoded,keyed on the v2 questionnaire gate; v1 respondents (STATUS_2_1 = -998) unconstrained (D022)
R009,questionnaire,HOUSING_TYPE_1_1,HOUSING_TENURE_1_1,"type 1, 2, 3, -7 or -3 -> asked; type 4 or 5 -> -998",quoted,Questionnaire Logic v2.2 section1,D033,encoded,
R010,questionnaire,HOUSING_PEOPLE_1_1,HOUSING_PEOPLE_RELATE_1_M,"household of more than one, or -1/-3 -> asked; household of one -> [-998]",quoted,Questionnaire Logic v2.2 section1,D033,encoded,
R011,questionnaire,WORK_STATUS_2_M,WORK_YRS_1_1;WORK_WK_HRS_1_1;WORK_WK_TRAVEL_1_1;WORK_TRANSPORT_1_M;WORK_DISTANCE_1_1;WORK_WALK_STAND_1_1;WORK_MANUAL_LABOUR_1_1;WORK_SHIFTS_1_1,"work status includes 1, 3, 6, 8, -3 or -7 -> the eight work questions asked; only 2, 4, 7, 9 or -5 -> -998",quoted,Questionnaire Logic v2.2 section2,D050,encoded,"keyed on the v2 gate (array, ANY of); v1 respondents (WORK_STATUS_2_M = [-998]) unconstrained (D022)"
R012,questionnaire,WORK_STATUS_2_M;WORK_SHIFTS_1_1,WORK_NIGHTS_1_1,"night shifts asked only in the R011 group and when shifts is 2, 3, 4, -1 or -3; otherwise -998",quoted,Questionnaire Logic v2.2 section2,D050,encoded,
R013,questionnaire,ACTIVITY_WALK_DAYS_2_1,ACTIVITY_WALK_MINS_2_1;ACTIVITY_WALK_PACE_1_1;ACTIVITY_STAIRS_1_1,"walking days a number 0-7, -1 or -3 -> minutes walked, pace, stairs asked; -2 (unable to walk) -> -998",quoted,Questionnaire Logic v2.2 section3,D064,encoded,
R014,questionnaire,ACTIVITY_TYPE_1_M,ACTIVITY_TYPE_WALK_1_1;ACTIVITY_TYPE_WALK_DUR_1_1,activities include 1 (walking for pleasure) -> how often and how long asked; otherwise -998,quoted,Questionnaire Logic v2.2 section3,D064,encoded,
R015,questionnaire,ACTIVITY_TYPE_1_M,ACTIVITY_TYPE_EXERCISE_1_1;ACTIVITY_TYPE_EXERCISE_DUR_1_1,activities include 2 (other exercises) -> how often and how long asked; otherwise -998,quoted,Questionnaire Logic v2.2 section3,D064,encoded,
R016,questionnaire,ACTIVITY_TYPE_1_M,ACTIVITY_TYPE_STREN_1_1;ACTIVITY_TYPE_STREN_DUR_1_1,activities include 3 (strenuous sports) -> how often and how long asked; otherwise -998,quoted,Questionnaire Logic v2.2 section3,D064,encoded,
R017,questionnaire,ACTIVITY_TYPE_1_M,ACTIVITY_TYPE_DIY_LIGHT_1_1;ACTIVITY_TYPE_DIY_LIGHT_DUR_1_1,activities include 4 (light DIY) -> how often and how long asked; otherwise -998,quoted,Questionnaire Logic v2.2 section3,D064,encoded,
R018,questionnaire,ACTIVITY_TYPE_1_M,ACTIVITY_TYPE_DIY_HEAVY_1_1;ACTIVITY_TYPE_DIY_HEAVY_DUR_1_1,activities include 5 (heavy DIY) -> how often and how long asked; otherwise -998,quoted,Questionnaire Logic v2.2 section3,D064,encoded,
R019,questionnaire,SMOKE_TOBACCO_TYPE_1_M,SMOKE_TOBACCO_AGE_1_1;SMOKE_100_TIMES_2_1,tobacco types include 0 (cigarettes) -> age first smoked and occasions asked; otherwise -998,quoted,Questionnaire Logic v2.2 section3,D055,encoded,
R020,questionnaire,SMOKE_TOBACCO_TYPE_1_M,SMOKE_VAPE_AGE_2_1;SMOKE_VAPE_USE_2_1,tobacco types include 1 (electronic device) -> first-vaping age and situation asked; otherwise -998,quoted,Questionnaire Logic v2.2 section3,D055,encoded,
R021,questionnaire,SMOKE_TOBACCO_TYPE_1_M,SMOKE_REG_1_M,tobacco types include any of 0-5 or -3 -> regular use asked; only 6 -> [-998],quoted,Questionnaire Logic v2.2 section3,D055,encoded,
R022,questionnaire,SMOKE_TOBACCO_TYPE_1_M;SMOKE_REG_1_M,SMOKE_REG_FIRST_AGE_2_1;SMOKE_REG_TYPE_2_1;SMOKE_STATUS_2_1,tobacco types include any of 0-5 or -3 AND regular use includes 0 -> three cigarette questions asked; otherwise -998,quoted,Questionnaire Logic v2.2 section3,D060,encoded,
R023,questionnaire,SMOKE_TOBACCO_TYPE_1_M;SMOKE_REG_1_M;SMOKE_STATUS_2_1,SMOKE_PREV_REG_2_1,"R022 AND status 2, 3 or 0 -> previously-smoked asked; otherwise -998",quoted,Questionnaire Logic v2.2 section3,D060,encoded,
R024,questionnaire,SMOKE_TOBACCO_TYPE_1_M;SMOKE_REG_1_M;SMOKE_STATUS_2_1;SMOKE_PREV_REG_2_1,SMOKE_FIRST_AGE_2_1;SMOKE_PREV_AGE_2_1;SMOKE_AVG_2_1;SMOKE_PREV_REDUCE_REASON_2_M,R023 AND previously smoked most days (1) -> four questions asked; otherwise -998,quoted,Questionnaire Logic v2.2 section3,D060,encoded,
R025,questionnaire,SMOKE_TOBACCO_TYPE_1_M;SMOKE_REG_1_M;SMOKE_STATUS_2_1,SMOKE_REG_DAY_2_1,R022 AND status 1 (every day) -> cigarettes per day asked; otherwise -998,quoted,Questionnaire Logic v2.2 section3,D060,encoded,
R026,questionnaire,SMOKE_TOBACCO_TYPE_1_M;SMOKE_REG_1_M;SMOKE_STATUS_2_1;SMOKE_REG_DAY_2_1;SMOKE_PREV_REG_2_1,SMOKE_CHG_2_1,"R022 AND (status 1 with a per-day answer, or status 2/3/0 with previously-smoked 0 or -3) -> 10-year comparison asked; otherwise -998",quoted,Questionnaire Logic v2.2 section3,D060,encoded,
R027,questionnaire,SMOKE_TOBACCO_TYPE_1_M;SMOKE_REG_1_M;SMOKE_STATUS_2_1;SMOKE_REG_DAY_2_1;SMOKE_PREV_REG_2_1;SMOKE_CHG_2_1,SMOKE_CHG_REDUCE_REASON_2_M;SMOKE_CHG_REDUCE_ABST_1_1,R026 AND comparison 3 (less) -> reduce reason and stopped-6-months asked; otherwise -998,quoted,Questionnaire Logic v2.2 section3,D060,encoded,
R028,questionnaire,SMOKE_TOBACCO_TYPE_1_M;SMOKE_REG_1_M;SMOKE_STATUS_2_1;SMOKE_REG_DAY_2_1;SMOKE_PREV_REG_2_1;SMOKE_CHG_2_1;SMOKE_CHG_REDUCE_ABST_1_1,SMOKE_CHG_REDUCE_ABST_REASON_1_M,R027 AND stopped-6-months 1 -> reason asked; otherwise [-998],quoted,Questionnaire Logic v2.2 section3,D060,encoded,
R029,questionnaire,SMOKE_TOBACCO_TYPE_1_M;SMOKE_REG_1_M;SMOKE_STATUS_2_1;SMOKE_REG_DAY_2_1;SMOKE_PREV_REG_2_1;SMOKE_CHG_2_1,SMOKE_CHG_ABST_2_1,"R026 AND comparison 1, 2 or -3 -> stopped-6-months asked; otherwise -998",quoted,Questionnaire Logic v2.2 section3,D060,encoded,
R030,questionnaire,SMOKE_TOBACCO_TYPE_1_M;SMOKE_REG_1_M;SMOKE_STATUS_2_1;SMOKE_REG_DAY_2_1;SMOKE_PREV_REG_2_1;SMOKE_CHG_2_1;SMOKE_CHG_ABST_2_1,SMOKE_CHG_ABST_REASON_1_M,R029 AND stopped-6-months 1 -> reason asked; otherwise [-998],quoted,Questionnaire Logic v2.2 section3,D060,encoded,
R031,questionnaire,SMOKE_TOBACCO_TYPE_1_M;SMOKE_REG_1_M,SMOKE_VAPE_AVG_2_1;SMOKE_VAPE_TYPE_2_M,tobacco types answered AND regular use includes 1 (electronic device) -> vaping frequency and e-liquid asked; otherwise -998,quoted,Questionnaire Logic v2.2 section3,D060,encoded,logic file writes [SMOKE_REG_1]; read as SMOKE_REG_1_M (D055)
R032,questionnaire,SMOKE_EXPOSURE_1_1,SMOKE_EXPOSURE_HRS_1_1,"smoke exposure 1, 2, 3, 5 or 6 -> hours asked; 0 or -3 -> -998",quoted,Questionnaire Logic v2.2 section3,D055,encoded,
R033,questionnaire,ALCOHOL_CURR_1_1,ALCOHOL_PREV_1_1,how often = 6 (never) -> previously-drank asked; otherwise -998,quoted,Questionnaire Logic v2.2 section3,D067,encoded,
R034,questionnaire,ALCOHOL_CURR_1_1,ALCOHOL_WINE_RED_MTH_2_1;ALCOHOL_WINE_WHITE_MTH_2_1;ALCOHOL_BEER_MTH_2_1;ALCOHOL_SPIRITS_MTH_2_1;ALCOHOL_WINE_FORT_MTH_2_1;ALCOHOL_OTHER_MTH_2_1,how often = 4 or 5 -> six monthly amounts asked; otherwise -998,quoted,Questionnaire Logic v2.2 section3,D067,encoded,
R035,questionnaire,ALCOHOL_CURR_1_1,ALCOHOL_WINE_RED_WK_1_1;ALCOHOL_WINE_WHITE_WK_1_1;ALCOHOL_BEER_WK_1_1;ALCOHOL_SPIRITS_WK_1_1;ALCOHOL_WINE_FORT_WK_1_1;ALCOHOL_OTHER_WK_1_1,"how often = 1, 2 or 3 -> six weekly amounts asked; otherwise -998",quoted,Questionnaire Logic v2.2 section3,D067,encoded,
R036,questionnaire,ALCOHOL_CURR_1_1,ALCOHOL_FOOD_1_1;ALCOHOL_CHG_1_1,how often = 1-5 -> with-meals and 10-year comparison asked; otherwise -998,quoted,Questionnaire Logic v2.2 section3,D067,encoded,
R037,questionnaire,ALCOHOL_CURR_1_1;ALCOHOL_CHG_1_1,ALCOHOL_CHG_REDUCE_REASON_2_M,how often = 1-5 AND comparison = 3 (less) -> reasons for reducing asked; otherwise [-998],quoted,Questionnaire Logic v2.2 section3,D067,encoded,
R038,questionnaire,ALCOHOL_CURR_1_1;ALCOHOL_PREV_1_1,ALCOHOL_CHG_ABST_REASON_2_M,how often = 6 AND previously drank = 1 -> reasons for stopping asked; otherwise [-998],quoted,Questionnaire Logic v2.2 section3,D067,encoded,
R039,questionnaire,BIRTH_PLACE_1_1,IMMIGRATE_UK_YR_1_1,"([BIRTH_PLACE_1_1] ONE of [6, 7, 8, 9, 10])",quoted,Questionnaire Logic v2.2 section4,D072,encoded,
R040,questionnaire,FATHER_ALIVE_1_1,FATHER_AGE_1_1,([FATHER_ALIVE_1_1] = 1),quoted,Questionnaire Logic v2.2 section4,D072,encoded,
R041,questionnaire,FATHER_ALIVE_1_1,FATHER_AGE_DECEASED_1_1,([FATHER_ALIVE_1_1] = 0),quoted,Questionnaire Logic v2.2 section4,D072,encoded,
R042,questionnaire,FATHER_DIAG_A_2_M,FATHER_DIAG_AUTO_1_M,([FATHER_DIAG_A_2_M] = 1),quoted,Questionnaire Logic v2.2 section4,D072,encoded,
R043,questionnaire,FATHER_DIAG_A_2_M,FATHER_DIAG_ANAEMIA_1_M,([FATHER_DIAG_A_2_M] = 2),quoted,Questionnaire Logic v2.2 section4,D072,encoded,
R044,questionnaire,FATHER_DIAG_A_2_M,FATHER_DIAG_CANCER_1_M,([FATHER_DIAG_A_2_M] = 3),quoted,Questionnaire Logic v2.2 section4,D072,encoded,
R045,questionnaire,FATHER_DIAG_A_2_M;FATHER_DIAG_CANCER_1_M,FATHER_DIAG_CANCER_SKIN_1_M,([FATHER_DIAG_A_2_M] = 3) AND ([FATHER_DIAG_CANCER_1_M] = 18),quoted,Questionnaire Logic v2.2 section4,D072,encoded,
R046,questionnaire,FATHER_DIAG_A_2_M,FATHER_DIAG_GASTRO_1_M,([FATHER_DIAG_A_2_M] = 4),quoted,Questionnaire Logic v2.2 section4,D072,encoded,
R047,questionnaire,FATHER_DIAG_A_2_M,FATHER_DIAG_ENDOCR_1_M,([FATHER_DIAG_A_2_M] = 5),quoted,Questionnaire Logic v2.2 section4,D072,encoded,
R048,questionnaire,FATHER_DIAG_A_2_M,FATHER_DIAG_OPTHAL_1_M,([FATHER_DIAG_A_2_M] = 6),quoted,Questionnaire Logic v2.2 section4,D072,encoded,
R049,questionnaire,FATHER_DIAG_A_2_M,FATHER_DIAG_OSTEO_1_M,([FATHER_DIAG_A_2_M] = 7),quoted,Questionnaire Logic v2.2 section4,D072,encoded,
R050,questionnaire,FATHER_DIAG_A_2_M,FATHER_DIAG_CVD_1_M,([FATHER_DIAG_A_2_M] = 8),quoted,Questionnaire Logic v2.2 section4,D072,encoded,
R051,questionnaire,FATHER_DIAG_A_2_M,FATHER_DIAG_UROL_1_M,([FATHER_DIAG_A_2_M] = 9),quoted,Questionnaire Logic v2.2 section4,D072,encoded,
R052,questionnaire,FATHER_DIAG_A_2_M,FATHER_DIAG_RESP_1_M,([FATHER_DIAG_A_2_M] = 10),quoted,Questionnaire Logic v2.2 section4,D072,encoded,
R053,questionnaire,FATHER_DIAG_A_2_M,FATHER_DIAG_PSYCH_1_M,([FATHER_DIAG_A_2_M] = 11),quoted,Questionnaire Logic v2.2 section4,D072,encoded,
R054,questionnaire,FATHER_DIAG_A_2_M;FATHER_DIAG_PSYCH_1_M,FATHER_DIAG_PSYCH_ANX_1_M,([FATHER_DIAG_A_2_M] = 11) AND ([FATHER_DIAG_PSYCH_1_M] = 1),quoted,Questionnaire Logic v2.2 section4,D072,encoded,
R055,questionnaire,FATHER_DIAG_A_2_M;FATHER_DIAG_PSYCH_1_M,FATHER_DIAG_PSYCH_DEPR_1_M,([FATHER_DIAG_A_2_M] = 11) AND ([FATHER_DIAG_PSYCH_1_M] = 4),quoted,Questionnaire Logic v2.2 section4,D072,encoded,
R056,questionnaire,FATHER_DIAG_A_2_M;FATHER_DIAG_PSYCH_1_M,FATHER_DIAG_PSYCH_EAT_1_M,([FATHER_DIAG_A_2_M] = 11) AND ([FATHER_DIAG_PSYCH_1_M] = 8),quoted,Questionnaire Logic v2.2 section4,D072,encoded,
R057,questionnaire,FATHER_DIAG_A_2_M,FATHER_DIAG_NEURO_DEV_1_M,([FATHER_DIAG_A_2_M] = 12),quoted,Questionnaire Logic v2.2 section4,D072,encoded,
R058,questionnaire,FATHER_DIAG_A_2_M,FATHER_DIAG_NEURO_1_M,([FATHER_DIAG_A_2_M] = 13),quoted,Questionnaire Logic v2.2 section4,D072,encoded,
R059,questionnaire,FATHER_DIAG_A_2_M,FATHER_DIAG_REPRO_1_M,([FATHER_DIAG_A_2_M] = 14),quoted,Questionnaire Logic v2.2 section4,D072,encoded,
R060,questionnaire,MOTHER_ALIVE_1_1,MOTHER_AGE_1_1,([MOTHER_ALIVE_1_1] = 1),quoted,Questionnaire Logic v2.2 section4,D072,encoded,
R061,questionnaire,MOTHER_ALIVE_1_1,MOTHER_AGE_DECEASED_1_1,([MOTHER_ALIVE_1_1] = 0),quoted,Questionnaire Logic v2.2 section4,D072,encoded,
R062,questionnaire,MOTHER_DIAG_A_2_M,MOTHER_DIAG_AUTO_1_M,([MOTHER_DIAG_A_2_M] = 1),quoted,Questionnaire Logic v2.2 section4,D072,encoded,
R063,questionnaire,MOTHER_DIAG_A_2_M,MOTHER_DIAG_ANAEMIA_1_M,([MOTHER_DIAG_A_2_M] = 2),quoted,Questionnaire Logic v2.2 section4,D072,encoded,
R064,questionnaire,MOTHER_DIAG_A_2_M,MOTHER_DIAG_CANCER_1_M,([MOTHER_DIAG_A_2_M] = 3),quoted,Questionnaire Logic v2.2 section4,D072,encoded,
R065,questionnaire,MOTHER_DIAG_A_2_M;MOTHER_DIAG_CANCER_1_M,MOTHER_DIAG_CANCER_SKIN_1_M,([MOTHER_DIAG_A_2_M] = 3) AND ([MOTHER_DIAG_CANCER_1_M] = 18),quoted,Questionnaire Logic v2.2 section4,D072,encoded,
R066,questionnaire,MOTHER_DIAG_A_2_M,MOTHER_DIAG_GASTRO_1_M,([MOTHER_DIAG_A_2_M] = 4),quoted,Questionnaire Logic v2.2 section4,D072,encoded,
R067,questionnaire,MOTHER_DIAG_A_2_M,MOTHER_DIAG_ENDOCR_1_M,([MOTHER_DIAG_A_2_M] = 5),quoted,Questionnaire Logic v2.2 section4,D072,encoded,
R068,questionnaire,MOTHER_DIAG_A_2_M,MOTHER_DIAG_OPTHAL_1_M,([MOTHER_DIAG_A_2_M] = 6),quoted,Questionnaire Logic v2.2 section4,D072,encoded,
R069,questionnaire,MOTHER_DIAG_A_2_M,MOTHER_DIAG_OSTEO_1_M,([MOTHER_DIAG_A_2_M] = 7),quoted,Questionnaire Logic v2.2 section4,D072,encoded,
R070,questionnaire,MOTHER_DIAG_A_2_M,MOTHER_DIAG_CVD_1_M,([MOTHER_DIAG_A_2_M] = 8),quoted,Questionnaire Logic v2.2 section4,D072,encoded,
R071,questionnaire,MOTHER_DIAG_A_2_M,MOTHER_DIAG_UROL_1_M,([MOTHER_DIAG_A_2_M] = 9),quoted,Questionnaire Logic v2.2 section4,D072,encoded,
R072,questionnaire,MOTHER_DIAG_A_2_M,MOTHER_DIAG_RESP_1_M,([MOTHER_DIAG_A_2_M] = 10),quoted,Questionnaire Logic v2.2 section4,D072,encoded,
R073,questionnaire,MOTHER_DIAG_A_2_M,MOTHER_DIAG_PSYCH_1_M,([MOTHER_DIAG_A_2_M] = 11),quoted,Questionnaire Logic v2.2 section4,D072,encoded,
R074,questionnaire,MOTHER_DIAG_A_2_M;MOTHER_DIAG_PSYCH_1_M,MOTHER_DIAG_PSYCH_ANX_1_M,([MOTHER_DIAG_A_2_M] = 11) AND ([MOTHER_DIAG_PSYCH_1_M] = 1),quoted,Questionnaire Logic v2.2 section4,D072,encoded,
R075,questionnaire,MOTHER_DIAG_A_2_M;MOTHER_DIAG_PSYCH_1_M,MOTHER_DIAG_PSYCH_DEPR_1_M,([MOTHER_DIAG_A_2_M] = 11) AND ([MOTHER_DIAG_PSYCH_1_M] = 4),quoted,Questionnaire Logic v2.2 section4,D072,encoded,
R076,questionnaire,MOTHER_DIAG_A_2_M;MOTHER_DIAG_PSYCH_1_M,MOTHER_DIAG_PSYCH_EAT_1_M,([MOTHER_DIAG_A_2_M] = 11) AND ([MOTHER_DIAG_PSYCH_1_M] = 8),quoted,Questionnaire Logic v2.2 section4,D072,encoded,
R077,questionnaire,MOTHER_DIAG_A_2_M,MOTHER_DIAG_NEURO_DEV_1_M,([MOTHER_DIAG_A_2_M] = 12),quoted,Questionnaire Logic v2.2 section4,D072,encoded,
R078,questionnaire,MOTHER_DIAG_A_2_M,MOTHER_DIAG_NEURO_1_M,([MOTHER_DIAG_A_2_M] = 13),quoted,Questionnaire Logic v2.2 section4,D072,encoded,
R079,questionnaire,MOTHER_DIAG_A_2_M,MOTHER_DIAG_REPRO_1_M,([MOTHER_DIAG_A_2_M] = 14),quoted,Questionnaire Logic v2.2 section4,D072,encoded,
R080,questionnaire,SIBLING_NUM_BROTHERS_1_1;SIBLING_NUM_SISTERS_1_1,SIBLING_DIAG_A_2_M,([SIBLING_NUM_BROTHERS_1_1] = int(>0)) OR ([SIBLING_NUM_SISTERS_1_1] = int(>0)),quoted,Questionnaire Logic v2.2 section4,D072,encoded,read as (brothers or sisters) AND the condition (D073)
R081,questionnaire,SIBLING_NUM_BROTHERS_1_1;SIBLING_NUM_SISTERS_1_1;SIBLING_DIAG_A_2_M,SIBLING_DIAG_AUTO_1_M,([SIBLING_NUM_BROTHERS_1_1] = int(>0)) OR ([SIBLING_NUM_SISTERS_1_1] = int(>0)) AND ([SIBLING_DIAG_A_2_M] = 1),quoted,Questionnaire Logic v2.2 section4,D072,encoded,read as (brothers or sisters) AND the condition (D073)
R082,questionnaire,SIBLING_NUM_BROTHERS_1_1;SIBLING_NUM_SISTERS_1_1;SIBLING_DIAG_A_2_M,SIBLING_DIAG_ANAEMIA_1_M,([SIBLING_NUM_BROTHERS_1_1] = int(>0)) OR ([SIBLING_NUM_SISTERS_1_1] = int(>0)) AND ([SIBLING_DIAG_A_2_M] = 2),quoted,Questionnaire Logic v2.2 section4,D072,encoded,read as (brothers or sisters) AND the condition (D073)
R083,questionnaire,SIBLING_NUM_BROTHERS_1_1;SIBLING_NUM_SISTERS_1_1;SIBLING_DIAG_A_2_M,SIBLING_DIAG_CANCER_1_M,([SIBLING_NUM_BROTHERS_1_1] = int(>0)) OR ([SIBLING_NUM_SISTERS_1_1] = int(>0)) AND ([SIBLING_DIAG_A_2_M] = 3),quoted,Questionnaire Logic v2.2 section4,D072,encoded,read as (brothers or sisters) AND the condition (D073)
R084,questionnaire,SIBLING_NUM_BROTHERS_1_1;SIBLING_NUM_SISTERS_1_1;SIBLING_DIAG_A_2_M;SIBLING_DIAG_CANCER_1_M,SIBLING_DIAG_CANCER_SKIN_1_M,([SIBLING_NUM_BROTHERS_1_1] = int(>0)) OR ([SIBLING_NUM_SISTERS_1_1] = int(>0)) AND ([SIBLING_DIAG_A_2_M] = 3) AND ([SIBLING_DIAG_CANCER_1_M] = 18),quoted,Questionnaire Logic v2.2 section4,D072,encoded,read as (brothers or sisters) AND the condition (D073)
R085,questionnaire,SIBLING_NUM_BROTHERS_1_1;SIBLING_NUM_SISTERS_1_1;SIBLING_DIAG_A_2_M,SIBLING_DIAG_GASTRO_1_M,([SIBLING_NUM_BROTHERS_1_1] = int(>0)) OR ([SIBLING_NUM_SISTERS_1_1] = int(>0)) AND ([SIBLING_DIAG_A_2_M] = 4),quoted,Questionnaire Logic v2.2 section4,D072,encoded,read as (brothers or sisters) AND the condition (D073)
R086,questionnaire,SIBLING_NUM_BROTHERS_1_1;SIBLING_NUM_SISTERS_1_1;SIBLING_DIAG_A_2_M,SIBLING_DIAG_ENDOCR_1_M,([SIBLING_NUM_BROTHERS_1_1] = int(>0)) OR ([SIBLING_NUM_SISTERS_1_1] = int(>0)) AND ([SIBLING_DIAG_A_2_M] = 5),quoted,Questionnaire Logic v2.2 section4,D072,encoded,read as (brothers or sisters) AND the condition (D073)
R087,questionnaire,SIBLING_NUM_BROTHERS_1_1;SIBLING_NUM_SISTERS_1_1;SIBLING_DIAG_A_2_M,SIBLING_DIAG_OPTHAL_1_M,([SIBLING_NUM_BROTHERS_1_1] = int(>0)) OR ([SIBLING_NUM_SISTERS_1_1] = int(>0)) AND ([SIBLING_DIAG_A_2_M] = 6),quoted,Questionnaire Logic v2.2 section4,D072,encoded,read as (brothers or sisters) AND the condition (D073)
R088,questionnaire,SIBLING_NUM_BROTHERS_1_1;SIBLING_NUM_SISTERS_1_1;SIBLING_DIAG_A_2_M,SIBLING_DIAG_OSTEO_1_M,([SIBLING_NUM_BROTHERS_1_1] = int(>0)) OR ([SIBLING_NUM_SISTERS_1_1] = int(>0)) AND ([SIBLING_DIAG_A_2_M] = 7),quoted,Questionnaire Logic v2.2 section4,D072,encoded,read as (brothers or sisters) AND the condition (D073)
R089,questionnaire,SIBLING_NUM_BROTHERS_1_1;SIBLING_NUM_SISTERS_1_1;SIBLING_DIAG_A_2_M,SIBLING_DIAG_CVD_1_M,([SIBLING_NUM_BROTHERS_1_1] = int(>0)) OR ([SIBLING_NUM_SISTERS_1_1] = int(>0)) AND ([SIBLING_DIAG_A_2_M] = 8),quoted,Questionnaire Logic v2.2 section4,D072,encoded,read as (brothers or sisters) AND the condition (D073)
R090,questionnaire,SIBLING_NUM_BROTHERS_1_1;SIBLING_NUM_SISTERS_1_1;SIBLING_DIAG_A_2_M,SIBLING_DIAG_UROL_1_M,([SIBLING_NUM_BROTHERS_1_1] = int(>0)) OR ([SIBLING_NUM_SISTERS_1_1] = int(>0)) AND ([SIBLING_DIAG_A_2_M] = 9),quoted,Questionnaire Logic v2.2 section4,D072,encoded,read as (brothers or sisters) AND the condition (D073)
R091,questionnaire,SIBLING_NUM_BROTHERS_1_1;SIBLING_NUM_SISTERS_1_1;SIBLING_DIAG_A_2_M,SIBLING_DIAG_RESP_1_M,([SIBLING_NUM_BROTHERS_1_1] = int(>0)) OR ([SIBLING_NUM_SISTERS_1_1] = int(>0)) AND ([SIBLING_DIAG_A_2_M] = 10),quoted,Questionnaire Logic v2.2 section4,D072,encoded,read as (brothers or sisters) AND the condition (D073)
R092,questionnaire,SIBLING_NUM_BROTHERS_1_1;SIBLING_NUM_SISTERS_1_1;SIBLING_DIAG_A_2_M,SIBLING_DIAG_PSYCH_1_M,([SIBLING_NUM_BROTHERS_1_1] = int(>0)) OR ([SIBLING_NUM_SISTERS_1_1] = int(>0)) AND ([SIBLING_DIAG_A_2_M] = 11),quoted,Questionnaire Logic v2.2 section4,D072,encoded,read as (brothers or sisters) AND the condition (D073)
R093,questionnaire,SIBLING_NUM_BROTHERS_1_1;SIBLING_NUM_SISTERS_1_1;SIBLING_DIAG_A_2_M;SIBLING_DIAG_PSYCH_1_M,SIBLING_DIAG_PSYCH_ANX_1_M,([SIBLING_NUM_BROTHERS_1_1] = int(>0)) OR ([SIBLING_NUM_SISTERS_1_1] = int(>0)) AND ([SIBLING_DIAG_A_2_M] = 12) AND ([SIBLING_DIAG_PSYCH_1_M] = 1),quoted,Questionnaire Logic v2.2 section4,D074,declined,not enforced: the source uses group 12 where parents use 11; steward left as is (D074)
R094,questionnaire,SIBLING_NUM_BROTHERS_1_1;SIBLING_NUM_SISTERS_1_1;SIBLING_DIAG_A_2_M;SIBLING_DIAG_PSYCH_1_M,SIBLING_DIAG_PSYCH_DEPR_1_M,([SIBLING_NUM_BROTHERS_1_1] = int(>0)) OR ([SIBLING_NUM_SISTERS_1_1] = int(>0)) AND ([SIBLING_DIAG_A_2_M] = 12) AND ([SIBLING_DIAG_PSYCH_1_M] = 4),quoted,Questionnaire Logic v2.2 section4,D074,declined,not enforced: the source uses group 12 where parents use 11; steward left as is (D074)
R095,questionnaire,SIBLING_NUM_BROTHERS_1_1;SIBLING_NUM_SISTERS_1_1;SIBLING_DIAG_A_2_M;SIBLING_DIAG_PSYCH_1_M,SIBLING_DIAG_PSYCH_EAT_1_M,([SIBLING_NUM_BROTHERS_1_1] = int(>0)) OR ([SIBLING_NUM_SISTERS_1_1] = int(>0)) AND ([SIBLING_DIAG_A_2_M] = 12) AND ([SIBLING_DIAG_PSYCH_1_M] = 8),quoted,Questionnaire Logic v2.2 section4,D074,declined,not enforced: the source uses group 12 where parents use 11; steward left as is (D074)
R096,questionnaire,SIBLING_NUM_BROTHERS_1_1;SIBLING_NUM_SISTERS_1_1;SIBLING_DIAG_A_2_M,SIBLING_DIAG_NEURO_DEV_1_M,([SIBLING_NUM_BROTHERS_1_1] = int(>0)) OR ([SIBLING_NUM_SISTERS_1_1] = int(>0)) AND ([SIBLING_DIAG_A_2_M] = 12),quoted,Questionnaire Logic v2.2 section4,D072,encoded,read as (brothers or sisters) AND the condition (D073)
R097,questionnaire,SIBLING_NUM_BROTHERS_1_1;SIBLING_NUM_SISTERS_1_1;SIBLING_DIAG_A_2_M,SIBLING_DIAG_NEURO_1_M,([SIBLING_NUM_BROTHERS_1_1] = int(>0)) OR ([SIBLING_NUM_SISTERS_1_1] = int(>0)) AND ([SIBLING_DIAG_A_2_M] = 13),quoted,Questionnaire Logic v2.2 section4,D072,encoded,read as (brothers or sisters) AND the condition (D073)
R098,questionnaire,SIBLING_NUM_BROTHERS_1_1;SIBLING_NUM_SISTERS_1_1;SIBLING_DIAG_A_2_M,SIBLING_DIAG_REPRO_1_M,([SIBLING_NUM_BROTHERS_1_1] = int(>0)) OR ([SIBLING_NUM_SISTERS_1_1] = int(>0)) AND ([SIBLING_DIAG_A_2_M] = 14),quoted,Questionnaire Logic v2.2 section4,D072,encoded,read as (brothers or sisters) AND the condition (D073)
R099,questionnaire,HEALTH_STATUS_CHRONIC_1_1,HEALTH_STATUS_DISABILITY_SUPPORT_1_M,"chronic condition 1, -1 or -3 -> disability support asked; 0 -> [-998]",quoted,Questionnaire Logic v2.2 section5,D077,encoded,
R100,questionnaire,ACTIVITY_WALK_DAYS_2_1,HEALTH_RESP_SHORT_1_1;HEALTH_PAIN_LEG_1_1,"walking days a number 0-7, -1 or -3 -> breathless-walking and leg-pain questions asked; -2 -> -998",quoted,Questionnaire Logic v2.2 section5,D077,encoded,
R101,questionnaire,HEALTH_PAIN_CHEST_1_1,HEALTH_PAIN_CHEST_WALK_1_1,chest pain 1 -> chest pain on the flat asked; otherwise -998,quoted,Questionnaire Logic v2.2 section5,D077,encoded,
R102,questionnaire,HEALTH_PAIN_CHEST_1_1;HEALTH_PAIN_CHEST_WALK_1_1,HEALTH_PAIN_CHEST_WALK_UPHILL_1_1,chest pain 1 AND pain on the flat 0 -> pain uphill asked; otherwise -998,quoted,Questionnaire Logic v2.2 section5,D077,encoded,
R103,questionnaire,HEALTH_PAIN_CHEST_1_1;HEALTH_PAIN_CHEST_WALK_1_1;HEALTH_PAIN_CHEST_WALK_UPHILL_1_1,HEALTH_PAIN_CHEST_SUBSIDE_1_1,"chest pain 1 AND (flat 1 with uphill not shown, or flat 0 with uphill 1) -> goes-away-standing asked; otherwise -998",quoted,Questionnaire Logic v2.2 section5,D077,encoded,the source's 'uphill = NULL' is read as -998 (D077)
R104,questionnaire,HEALTH_CHECK_COLORECTAL_1_1,HEALTH_CHECK_COLORECTAL_YRS_1_1,bowel screening 1 -> years ago asked; otherwise -998,quoted,Questionnaire Logic v2.2 section5,D077,encoded,
R105,questionnaire,DEMOG_SEX_2_1,HEALTH_CHECK_PROSTATE_1_1;CHILDREN_BIO_NUM_2_1,"([DEMOG_SEX_2_1] ONE of [1, 3, -3])",quoted,Questionnaire Logic v2.2 section5,D011,not-enforceable,"gate is a participant column, targets are questionnaire columns: a rule never crosses tables (D002, D011)"
R106,questionnaire,DEMOG_SEX_2_1;HEALTH_CHECK_PROSTATE_1_1,HEALTH_CHECK_PROSTATE_YRS_1_1,"([DEMOG_SEX_2_1] ONE of [1, 3, -3]) AND ([HEALTH_CHECK_PROSTATE_1_1] = 1)",quoted,Questionnaire Logic v2.2 section5,D011,not-enforceable,"gate is a participant column, targets are questionnaire columns: a rule never crosses tables (D002, D011)"
R107,questionnaire,DEMOG_SEX_2_1;CHILDREN_BIO_NUM_2_1,CHILDREN_BIO_FIRST_AGE_1_1,"([DEMOG_SEX_2_1] ONE of [1, 3, -3]) AND ([CHILDREN_BIO_NUM_2_1] ONE of [int(>1), -1, -3, -999])",quoted,Questionnaire Logic v2.2 section5,D011,not-enforceable,"gate is a participant column, targets are questionnaire columns: a rule never crosses tables (D002, D011)"
R108,questionnaire,DEMOG_SEX_2_1;CHILDREN_BIO_NUM_2_1,CHILDREN_BIO_LAST_AGE_1_1,"([DEMOG_SEX_2_1] ONE of [1, 3, -3]) AND ([CHILDREN_BIO_NUM_2_1] ONE of [int(>0), -1, -3, -999])",quoted,Questionnaire Logic v2.2 section5,D011,not-enforceable,"gate is a participant column, targets are questionnaire columns: a rule never crosses tables (D002, D011)"
R109,questionnaire,DEMOG_SEX_2_1,HEALTH_CHECK_MAMMOGRAM_1_1;HEALTH_CHECK_SMEAR_1_1;GYN_MENSTR_AGE_1_1;GYN_MENOPAUSE_2_1;CHILDREN_BIRTHED_NUM_1_1;GYN_CONTRACEPT_IMPLANT_1_1;GYN_HRT_1_1;GYN_HYST_1_1;GYN_OOPH_1_1,"([DEMOG_SEX_2_1] ONE of [2, 3, -3])",quoted,Questionnaire Logic v2.2 section5,D011,not-enforceable,"gate is a participant column, targets are questionnaire columns: a rule never crosses tables (D002, D011)"
R110,questionnaire,DEMOG_SEX_2_1;HEALTH_CHECK_MAMMOGRAM_1_1,HEALTH_CHECK_MAMMOGRAM_YRS_1_1,"([DEMOG_SEX_2_1] ONE of [2, 3, -3]) AND ([HEALTH_CHECK_MAMMOGRAM_1_1] = 1)",quoted,Questionnaire Logic v2.2 section5,D011,not-enforceable,"gate is a participant column, targets are questionnaire columns: a rule never crosses tables (D002, D011)"
R111,questionnaire,DEMOG_SEX_2_1;HEALTH_CHECK_SMEAR_1_1,HEALTH_CHECK_SMEAR_YRS_1_1,"([DEMOG_SEX_2_1] ONE of [2, 3, -3]) AND ([HEALTH_CHECK_SMEAR_1_1] = 1)",quoted,Questionnaire Logic v2.2 section5,D011,not-enforceable,"gate is a participant column, targets are questionnaire columns: a rule never crosses tables (D002, D011)"
R112,questionnaire,DEMOG_SEX_2_1;GYN_MENOPAUSE_2_1,GYN_MENOPAUSE_LAST_PERIOD_AGE_2_1,"([DEMOG_SEX_2_1] ONE of [2, 3, -3]) AND ([GYN_MENOPAUSE_2_1] = 1)",quoted,Questionnaire Logic v2.2 section5,D011,not-enforceable,"gate is a participant column, targets are questionnaire columns: a rule never crosses tables (D002, D011)"
R113,questionnaire,DEMOG_SEX_2_1;GYN_MENOPAUSE_2_1,GYN_MENSTR_LAST_PERIOD_DAYS_2_1;GYN_MENSTR_CYCLE_DAYS_2_1,"([DEMOG_SEX_2_1] ONE of [2, 3, -3]) AND ([GYN_MENOPAUSE_2_1] ONE of [0, 3])",quoted,Questionnaire Logic v2.2 section5,D011,not-enforceable,"gate is a participant column, targets are questionnaire columns: a rule never crosses tables (D002, D011)"
R114,questionnaire,DEMOG_SEX_2_1;CHILDREN_BIRTHED_NUM_1_1,CHILDREN_BIRTHED_FIRST_AGE_1_1,"([DEMOG_SEX_2_1] ONE of [2, 3, -3]) AND ([CHILDREN_BIRTHED_NUM_1_1] ONE of [int(>1), -3, -999])",quoted,Questionnaire Logic v2.2 section5,D011,not-enforceable,"gate is a participant column, targets are questionnaire columns: a rule never crosses tables (D002, D011)"
R115,questionnaire,DEMOG_SEX_2_1;CHILDREN_BIRTHED_NUM_1_1,CHILDREN_BIRTHED_LAST_AGE_1_1,"([DEMOG_SEX_2_1] ONE of [2, 3, -3]) AND ([CHILDREN_BIRTHED_NUM_1_1] ONE of [int(>0), -3, -999])",quoted,Questionnaire Logic v2.2 section5,D011,not-enforceable,"gate is a participant column, targets are questionnaire columns: a rule never crosses tables (D002, D011)"
R116,questionnaire,DEMOG_SEX_2_1;GYN_CONTRACEPT_IMPLANT_1_1,GYN_CONTRACEPT_METHODS_1_M,"([DEMOG_SEX_2_1] ONE of [2, 3, -3]) AND ([GYN_CONTRACEPT_IMPLANT_1_1] = 1)",quoted,Questionnaire Logic v2.2 section5,D011,not-enforceable,"gate is a participant column, targets are questionnaire columns: a rule never crosses tables (D002, D011)"
R117,questionnaire,DEMOG_SEX_2_1;GYN_CONTRACEPT_IMPLANT_1_1;GYN_CONTRACEPT_METHODS_1_M,GYN_CONTRACEPT_PILL_FIRST_AGE_1_1;GYN_CONTRACEPT_PILL_LAST_AGE_1_1,"([DEMOG_SEX_2_1] ONE of [2, 3, -3]) AND ([GYN_CONTRACEPT_IMPLANT_1_1] = 1) AND ([GYN_CONTRACEPT_METHODS_1_M] ANY of [1, 5])",quoted,Questionnaire Logic v2.2 section5,D011,not-enforceable,"gate is a participant column, targets are questionnaire columns: a rule never crosses tables (D002, D011)"
R118,questionnaire,DEMOG_SEX_2_1;GYN_HRT_1_1,GYN_HRT_FIRST_TRT_AGE_1_1;GYN_HRT_LAST_TRT_AGE_1_1,"([DEMOG_SEX_2_1] ONE of [2, 3, -3]) AND ([GYN_HRT_1_1] = 1)",quoted,Questionnaire Logic v2.2 section5,D011,not-enforceable,"gate is a participant column, targets are questionnaire columns: a rule never crosses tables (D002, D011)"
R119,questionnaire,DEMOG_SEX_2_1;GYN_HYST_1_1,GYN_HYST_AGE_1_1,"([DEMOG_SEX_2_1] ONE of [2, 3, -3]) AND ([GYN_HYST_1_1] = 1)",quoted,Questionnaire Logic v2.2 section5,D011,not-enforceable,"gate is a participant column, targets are questionnaire columns: a rule never crosses tables (D002, D011)"
R120,questionnaire,DEMOG_SEX_2_1;GYN_OOPH_1_1,GYN_OOPH_AGE_1_1,"([DEMOG_SEX_2_1] ONE of [2, 3, -3]) AND ([GYN_OOPH_1_1] = 1)",quoted,Questionnaire Logic v2.2 section5,D011,not-enforceable,"gate is a participant column, targets are questionnaire columns: a rule never crosses tables (D002, D011)"
R121,questionnaire,DIAG_2_M,DIAG_AUTO_1_M,([DIAG_2_M] = 1),quoted,Questionnaire Logic v2.2 section5,D082,encoded,
R122,questionnaire,DIAG_2_M,DIAG_ANAEMIA_1_M,([DIAG_2_M] = 2),quoted,Questionnaire Logic v2.2 section5,D082,encoded,
R123,questionnaire,DIAG_2_M,DIAG_CANCER_1_M,([DIAG_2_M] = 3),quoted,Questionnaire Logic v2.2 section5,D082,encoded,
R124,questionnaire,DIAG_2_M;DIAG_CANCER_1_M,DIAG_CANCER_SKIN_1_M,([DIAG_2_M] = 3) AND ([DIAG_CANCER_1_M] = 18),quoted,Questionnaire Logic v2.2 section5,D082,encoded,
R125,questionnaire,DIAG_2_M,DIAG_OB_1_M,([DIAG_2_M] = 4),quoted,Questionnaire Logic v2.2 section5,D082,encoded,
R126,questionnaire,DIAG_2_M,DIAG_GASTRO_1_M,([DIAG_2_M] = 5),quoted,Questionnaire Logic v2.2 section5,D082,encoded,
R127,questionnaire,DIAG_2_M,DIAG_ENDOCR_1_M,([DIAG_2_M] = 6),quoted,Questionnaire Logic v2.2 section5,D082,encoded,
R128,questionnaire,DIAG_2_M,DIAG_OPTHAL_1_M,([DIAG_2_M] = 7),quoted,Questionnaire Logic v2.2 section5,D082,encoded,
R129,questionnaire,DIAG_2_M,DIAG_OSTEO_1_M,([DIAG_2_M] = 8),quoted,Questionnaire Logic v2.2 section5,D082,encoded,
R130,questionnaire,DIAG_2_M,DIAG_CVD_1_M,([DIAG_2_M] = 9),quoted,Questionnaire Logic v2.2 section5,D082,encoded,
R131,questionnaire,DIAG_2_M,DIAG_UROL_1_M,([DIAG_2_M] = 10),quoted,Questionnaire Logic v2.2 section5,D082,encoded,
R132,questionnaire,DIAG_2_M,DIAG_RESP_1_M,([DIAG_2_M] = 11),quoted,Questionnaire Logic v2.2 section5,D082,encoded,
R133,questionnaire,DIAG_2_M,DIAG_PSYCH_1_M,([DIAG_2_M] = 12),quoted,Questionnaire Logic v2.2 section5,D082,encoded,
R134,questionnaire,DIAG_2_M;DIAG_PSYCH_1_M,DIAG_PSYCH_ANX_1_M,([DIAG_2_M] = 12) AND ([DIAG_PSYCH_1_M] = 1),quoted,Questionnaire Logic v2.2 section5,D082,encoded,
R135,questionnaire,DIAG_2_M;DIAG_PSYCH_1_M,DIAG_PSYCH_DEPR_1_M,([DIAG_2_M] = 12) AND ([DIAG_PSYCH_1_M] = 4),quoted,Questionnaire Logic v2.2 section5,D082,encoded,
R136,questionnaire,DIAG_2_M;DIAG_PSYCH_1_M,DIAG_PSYCH_EAT_1_M,([DIAG_2_M] = 12) AND ([DIAG_PSYCH_1_M] = 8),quoted,Questionnaire Logic v2.2 section5,D082,encoded,
R137,questionnaire,DIAG_2_M,DIAG_NEURO_DEV_1_M,([DIAG_2_M] = 13),quoted,Questionnaire Logic v2.2 section5,D082,encoded,
R138,questionnaire,DIAG_2_M,DIAG_NEURO_1_M,([DIAG_2_M] = 14),quoted,Questionnaire Logic v2.2 section5,D082,encoded,
R139,questionnaire,DIAG_2_M,DIAG_REPRO_1_M,([DIAG_2_M] = 15),quoted,Questionnaire Logic v2.2 section5,D082,encoded,
R140,questionnaire,MEDICAT_1_M,MEDICAT_AUTO_1_M,([MEDICAT_1_M] = 1),quoted,Questionnaire Logic v2.2 section5,D080,encoded,
R141,questionnaire,MEDICAT_1_M,MEDICAT_OSTEO_1_M,([MEDICAT_1_M] = 2),quoted,Questionnaire Logic v2.2 section5,D080,encoded,
R142,questionnaire,MEDICAT_1_M,MEDICAT_CANCER_1_M,([MEDICAT_1_M] = 3),quoted,Questionnaire Logic v2.2 section5,D080,encoded,
R143,questionnaire,MEDICAT_1_M,MEDICAT_DIAB_1_M,([MEDICAT_1_M] = 4),quoted,Questionnaire Logic v2.2 section5,D080,encoded,
R144,questionnaire,MEDICAT_1_M,MEDICAT_GASTRO_1_M,([MEDICAT_1_M] = 5),quoted,Questionnaire Logic v2.2 section5,D080,encoded,
R145,questionnaire,MEDICAT_1_M,MEDICAT_ENDOCR_1_M,([MEDICAT_1_M] = 6),quoted,Questionnaire Logic v2.2 section5,D080,encoded,
R146,questionnaire,MEDICAT_1_M,MEDICAT_CVD_1_M,([MEDICAT_1_M] = 7),quoted,Questionnaire Logic v2.2 section5,D080,encoded,
R147,questionnaire,MEDICAT_1_M,MEDICAT_RESP_1_M,([MEDICAT_1_M] = 8),quoted,Questionnaire Logic v2.2 section5,D080,encoded,
R148,questionnaire,MEDICAT_1_M,MEDICAT_PSYCH_1_M,([MEDICAT_1_M] = 9),quoted,Questionnaire Logic v2.2 section5,D080,encoded,
R149,questionnaire,MEDICAT_1_M;MEDICAT_PSYCH_1_M,MEDICAT_PSYCH_ANTIDEPR_1_M,([MEDICAT_1_M] = 9) AND ([MEDICAT_PSYCH_1_M] = 1),quoted,Questionnaire Logic v2.2 section5,D080,encoded,
R150,questionnaire,MEDICAT_1_M;MEDICAT_PSYCH_1_M,MEDICAT_PSYCH_ANTIPSYCH_1_M,([MEDICAT_1_M] = 9) AND ([MEDICAT_PSYCH_1_M] = 2),quoted,Questionnaire Logic v2.2 section5,D080,encoded,
R151,questionnaire,MEDICAT_1_M,MEDICAT_NEURO_1_M,([MEDICAT_1_M] = 10),quoted,Questionnaire Logic v2.2 section5,D080,encoded,
R152,questionnaire,MEDICAT_1_M,MEDICAT_PAIN_1_M,([MEDICAT_1_M] = 11),quoted,Questionnaire Logic v2.2 section5,D080,encoded,
R153,questionnaire,MEDICAT_1_M,MEDICAT_REPRO_1_M,([MEDICAT_1_M] = 12),quoted,Questionnaire Logic v2.2 section5,D080,encoded,
R154,questionnaire,MEDICAT_1_M;MEDICAT_REPRO_1_M,MEDICAT_REPRO_CONTRACEPT_1_M,([MEDICAT_1_M] = 12) AND ([MEDICAT_REPRO_1_M] = 1),quoted,Questionnaire Logic v2.2 section5,D080,encoded,
R155,questionnaire,MEDICAT_1_M,MEDICAT_SUPPL_1_M,([MEDICAT_1_M] = 13),quoted,Questionnaire Logic v2.2 section5,D080,encoded,
R156,questionnaire,SKIP_PHQ9_GAD7_1_1,PHQ9_ITEM1_INTEREST_1_1,"skip PHQ and GAD = 1 -> PHQ9_ITEM1_INTEREST_1_1 = -3 (substantive pin, no twin)",quoted,Questionnaire Logic v2.2 section5,D086,encoded,
R157,questionnaire,SKIP_PHQ9_GAD7_1_1,PHQ9_ITEM2_DOWN_1_1,"skip PHQ and GAD = 1 -> PHQ9_ITEM2_DOWN_1_1 = -3 (substantive pin, no twin)",quoted,Questionnaire Logic v2.2 section5,D086,encoded,
R158,questionnaire,SKIP_PHQ9_GAD7_1_1,PHQ9_ITEM3_SLEEP_1_1,"skip PHQ and GAD = 1 -> PHQ9_ITEM3_SLEEP_1_1 = -3 (substantive pin, no twin)",quoted,Questionnaire Logic v2.2 section5,D086,encoded,
R159,questionnaire,SKIP_PHQ9_GAD7_1_1,PHQ9_ITEM4_ENERGY_1_1,"skip PHQ and GAD = 1 -> PHQ9_ITEM4_ENERGY_1_1 = -3 (substantive pin, no twin)",quoted,Questionnaire Logic v2.2 section5,D086,encoded,
R160,questionnaire,SKIP_PHQ9_GAD7_1_1,PHQ9_ITEM5_APPETITE_1_1,"skip PHQ and GAD = 1 -> PHQ9_ITEM5_APPETITE_1_1 = -3 (substantive pin, no twin)",quoted,Questionnaire Logic v2.2 section5,D086,encoded,
R161,questionnaire,SKIP_PHQ9_GAD7_1_1,PHQ9_ITEM6_BAD_1_1,"skip PHQ and GAD = 1 -> PHQ9_ITEM6_BAD_1_1 = -3 (substantive pin, no twin)",quoted,Questionnaire Logic v2.2 section5,D086,encoded,
R162,questionnaire,SKIP_PHQ9_GAD7_1_1,PHQ9_ITEM7_CONCENTR_1_1,"skip PHQ and GAD = 1 -> PHQ9_ITEM7_CONCENTR_1_1 = -3 (substantive pin, no twin)",quoted,Questionnaire Logic v2.2 section5,D086,encoded,
R163,questionnaire,SKIP_PHQ9_GAD7_1_1,PHQ9_ITEM8_MOVEMENT_1_1,"skip PHQ and GAD = 1 -> PHQ9_ITEM8_MOVEMENT_1_1 = -3 (substantive pin, no twin)",quoted,Questionnaire Logic v2.2 section5,D086,encoded,
R164,questionnaire,SKIP_PHQ9_GAD7_1_1,PHQ9_ITEM9_HARM_1_1,"skip PHQ and GAD = 1 -> PHQ9_ITEM9_HARM_1_1 = -3 (substantive pin, no twin)",quoted,Questionnaire Logic v2.2 section5,D086,encoded,
R165,questionnaire,SKIP_PHQ9_GAD7_1_1;PHQ9_ITEM1_INTEREST_1_1;PHQ9_ITEM2_DOWN_1_1;PHQ9_ITEM3_SLEEP_1_1;PHQ9_ITEM4_ENERGY_1_1;PHQ9_ITEM5_APPETITE_1_1;PHQ9_ITEM6_BAD_1_1;PHQ9_ITEM7_CONCENTR_1_1;PHQ9_ITEM8_MOVEMENT_1_1;PHQ9_ITEM9_HARM_1_1,PHQ9_IMPAIR_1_1,skip PHQ and GAD = 0 AND any PHQ-9 item above Not at all -> impairment asked; otherwise -998,quoted,Questionnaire Logic v2.2 section5,D086,encoded,
R166,questionnaire,SKIP_PHQ9_GAD7_1_1,GAD7_ITEM1_ANX_1_1,"skip PHQ and GAD = 1 -> GAD7_ITEM1_ANX_1_1 = -3 (substantive pin, no twin)",quoted,Questionnaire Logic v2.2 section5,D086,encoded,
R167,questionnaire,SKIP_PHQ9_GAD7_1_1,GAD7_ITEM2_WORRY_CONTROL_1_1,"skip PHQ and GAD = 1 -> GAD7_ITEM2_WORRY_CONTROL_1_1 = -3 (substantive pin, no twin)",quoted,Questionnaire Logic v2.2 section5,D086,encoded,
R168,questionnaire,SKIP_PHQ9_GAD7_1_1,GAD7_ITEM3_WORRY_AMOUNT_1_1,"skip PHQ and GAD = 1 -> GAD7_ITEM3_WORRY_AMOUNT_1_1 = -3 (substantive pin, no twin)",quoted,Questionnaire Logic v2.2 section5,D086,encoded,
R169,questionnaire,SKIP_PHQ9_GAD7_1_1,GAD7_ITEM4_RELAX_1_1,"skip PHQ and GAD = 1 -> GAD7_ITEM4_RELAX_1_1 = -3 (substantive pin, no twin)",quoted,Questionnaire Logic v2.2 section5,D086,encoded,
R170,questionnaire,SKIP_PHQ9_GAD7_1_1,GAD7_ITEM5_RESTLESS_1_1,"skip PHQ and GAD = 1 -> GAD7_ITEM5_RESTLESS_1_1 = -3 (substantive pin, no twin)",quoted,Questionnaire Logic v2.2 section5,D086,encoded,
R171,questionnaire,SKIP_PHQ9_GAD7_1_1,GAD7_ITEM6_ANNOYED_1_1,"skip PHQ and GAD = 1 -> GAD7_ITEM6_ANNOYED_1_1 = -3 (substantive pin, no twin)",quoted,Questionnaire Logic v2.2 section5,D086,encoded,
R172,questionnaire,SKIP_PHQ9_GAD7_1_1,GAD7_ITEM7_AFRAID_1_1,"skip PHQ and GAD = 1 -> GAD7_ITEM7_AFRAID_1_1 = -3 (substantive pin, no twin)",quoted,Questionnaire Logic v2.2 section5,D086,encoded,
R173,questionnaire,SKIP_PHQ9_GAD7_1_1;GAD7_ITEM1_ANX_1_1;GAD7_ITEM2_WORRY_CONTROL_1_1;GAD7_ITEM3_WORRY_AMOUNT_1_1;GAD7_ITEM4_RELAX_1_1;GAD7_ITEM5_RESTLESS_1_1;GAD7_ITEM6_ANNOYED_1_1;GAD7_ITEM7_AFRAID_1_1,GAD7_IMPAIR_1_1,skip PHQ and GAD = 0 AND any GAD-7 item above Not at all -> impairment asked; otherwise -998,quoted,Questionnaire Logic v2.2 section5,D086,encoded,
R174,questionnaire,QUESTIONNAIRE_VERSION,DEMOG_RELATSH_STATUS_1_1;DEMOG_RELATSH_STATUS_2_1,v1 questionnaire -> STATUS_2_1 = -998; v2 questionnaire -> STATUS_1_1 = -998 (each twin is NULL for the other version's respondents),inferred,"domain: the page's question versions and 'NULL when not presented' (D029, D034)",D046,declined,steward said no 2026-09-19 (D046); -998 stays permitted on both twins per D034
R175,clinic_measurements,HEIGHT_SKIPPED,HEIGHT,HEIGHT_SKIPPED = 1 -> HEIGHT -998; HEIGHT_SKIPPED = 0 -> recorded,implied,dictionary v14 clinic_measurements: 'HEIGHT_SKIPPED: Indicator of whether the participant skipped the height measurement'; 'HEIGHT_SKIPPED_REASON: Reason given for skipping the height measurement',D089,encoded,
R176,clinic_measurements,HEIGHT_SKIPPED,HEIGHT_SKIPPED_REASON,HEIGHT_SKIPPED = 1 -> HEIGHT_SKIPPED_REASON recorded; HEIGHT_SKIPPED = 0 -> -998,implied,dictionary v14 clinic_measurements: 'HEIGHT_SKIPPED: Indicator of whether the participant skipped the height measurement'; 'HEIGHT_SKIPPED_REASON: Reason given for skipping the height measurement',D089,encoded,
R177,clinic_measurements,WEIGHT_SKIPPED,WEIGHT,WEIGHT_SKIPPED = 1 -> WEIGHT -998; WEIGHT_SKIPPED = 0 -> recorded,implied,dictionary v14 clinic_measurements: 'WEIGHT_SKIPPED: Indicator of whether the participant skipped the weight measurement'; 'WEIGHT_SKIPPED_REASON: Reason given for skipping the weight measurement',D089,encoded,
R178,clinic_measurements,WEIGHT_SKIPPED,WEIGHT_SKIPPED_REASON,WEIGHT_SKIPPED = 1 -> WEIGHT_SKIPPED_REASON recorded; WEIGHT_SKIPPED = 0 -> -998,implied,dictionary v14 clinic_measurements: 'WEIGHT_SKIPPED: Indicator of whether the participant skipped the weight measurement'; 'WEIGHT_SKIPPED_REASON: Reason given for skipping the weight measurement',D089,encoded,
R179,clinic_measurements,WAIST_SKIPPED,WAIST,WAIST_SKIPPED = 1 -> WAIST -998; WAIST_SKIPPED = 0 -> recorded,implied,dictionary v14 clinic_measurements: 'WAIST_SKIPPED: Indicator of whether the participant skipped the waist circumference measurement'; 'WAIST_SKIPPED_REASON: Reason given for skipping the waist circumference measurement',D089,encoded,
R180,clinic_measurements,WAIST_SKIPPED,WAIST_SKIPPED_REASON,WAIST_SKIPPED = 1 -> WAIST_SKIPPED_REASON recorded; WAIST_SKIPPED = 0 -> -998,implied,dictionary v14 clinic_measurements: 'WAIST_SKIPPED: Indicator of whether the participant skipped the waist circumference measurement'; 'WAIST_SKIPPED_REASON: Reason given for skipping the waist circumference measurement',D089,encoded,
R181,clinic_measurements,HEART_FIRST_SKIPPED,HEART_FIRST_RATE;HEART_FIRST_BP_SYSTOLIC;HEART_FIRST_BP_DIASTOLIC;HEART_FIRST_RHYTHM,"HEART_FIRST_SKIPPED = 1 -> HEART_FIRST_RATE, HEART_FIRST_BP_SYSTOLIC, HEART_FIRST_BP_DIASTOLIC, HEART_FIRST_RHYTHM -998; HEART_FIRST_SKIPPED = 0 -> recorded",implied,dictionary v14 clinic_measurements: 'HEART_FIRST_SKIPPED: Indicator of whether the participant skipped the first set of heart measurements'; 'HEART_FIRST_SKIPPED_REASON: Reason given for skipping the first set of heart measurements',D089,encoded,
R182,clinic_measurements,HEART_FIRST_SKIPPED,HEART_FIRST_SKIPPED_REASON,HEART_FIRST_SKIPPED = 1 -> HEART_FIRST_SKIPPED_REASON recorded; HEART_FIRST_SKIPPED = 0 -> -998,implied,dictionary v14 clinic_measurements: 'HEART_FIRST_SKIPPED: Indicator of whether the participant skipped the first set of heart measurements'; 'HEART_FIRST_SKIPPED_REASON: Reason given for skipping the first set of heart measurements',D089,encoded,
R183,clinic_measurements,HEART_SECOND_SKIPPED,HEART_SECOND_RATE;HEART_SECOND_BP_SYSTOLIC;HEART_SECOND_BP_DIASTOLIC;HEART_SECOND_RHYTHM,"HEART_SECOND_SKIPPED = 1 -> HEART_SECOND_RATE, HEART_SECOND_BP_SYSTOLIC, HEART_SECOND_BP_DIASTOLIC, HEART_SECOND_RHYTHM -998; HEART_SECOND_SKIPPED = 0 -> recorded",implied,dictionary v14 clinic_measurements: 'HEART_SECOND_SKIPPED: Indicator of whether the participant skipped the second set of heart measurements'; 'HEART_SECOND_SKIPPED_REASON: Reason given for skipping the second set of heart measurements',D089,encoded,
R184,clinic_measurements,HEART_SECOND_SKIPPED,HEART_SECOND_SKIPPED_REASON,HEART_SECOND_SKIPPED = 1 -> HEART_SECOND_SKIPPED_REASON recorded; HEART_SECOND_SKIPPED = 0 -> -998,implied,dictionary v14 clinic_measurements: 'HEART_SECOND_SKIPPED: Indicator of whether the participant skipped the second set of heart measurements'; 'HEART_SECOND_SKIPPED_REASON: Reason given for skipping the second set of heart measurements',D089,encoded,
R185,clinic_measurements,HEART_THIRD_SKIPPED,HEART_THIRD_RATE;HEART_THIRD_BP_SYSTOLIC;HEART_THIRD_BP_DIASTOLIC;HEART_THIRD_RHYTHM,"HEART_THIRD_SKIPPED = 1 -> HEART_THIRD_RATE, HEART_THIRD_BP_SYSTOLIC, HEART_THIRD_BP_DIASTOLIC, HEART_THIRD_RHYTHM -998; HEART_THIRD_SKIPPED = 0 -> recorded",implied,dictionary v14 clinic_measurements: 'HEART_THIRD_SKIPPED: Indicator of whether the participant skipped the third set of heart measurements. Only participants with abnormal readings to the first and second measurements are offered a third measurement'; 'HEART_THIRD_SKIPPED_REASON: Reason given for skipping the third set of heart measurements',D089,encoded,
R186,clinic_measurements,HEART_THIRD_SKIPPED,HEART_THIRD_SKIPPED_REASON,HEART_THIRD_SKIPPED = 1 -> HEART_THIRD_SKIPPED_REASON recorded; HEART_THIRD_SKIPPED = 0 -> -998,implied,dictionary v14 clinic_measurements: 'HEART_THIRD_SKIPPED: Indicator of whether the participant skipped the third set of heart measurements. Only participants with abnormal readings to the first and second measurements are offered a third measurement'; 'HEART_THIRD_SKIPPED_REASON: Reason given for skipping the third set of heart measurements',D089,encoded,
R187,poct_lipid_profile,FIRST_READING_SKIPPED,TC_FIRST_READING;HDL_FIRST_READING;TG_FIRST_READING;LDL_FIRST_READING;NONHDL_FIRST_READING;TC_HDL_RATIO_FIRST_READING,FIRST_READING_SKIPPED = 1 -> first readings -998; FIRST_READING_SKIPPED = 0 -> recorded,implied,dictionary v14 poct_lipid_profile: 'FIRST_READING_SKIPPED: Skipped the first set of POCT lipid measurements'; 'TC_FIRST_READING: First reading for Total Cholesterol (TC) in millimoles per liter (mmol/L)',D093,encoded,
R188,poct_lipid_profile,FIRST_READING_SKIPPED,FIRST_READING_SKIPPED_REASON,FIRST_READING_SKIPPED = 1 -> a reason is recorded; FIRST_READING_SKIPPED = 0 -> -998,implied,dictionary v14 poct_lipid_profile: 'FIRST_READING_SKIPPED: Skipped the first set of POCT lipid measurements'; 'FIRST_READING_SKIPPED_REASON: Reason for skipping the first set of POCT lipid measurements',D093,encoded,
R189,poct_lipid_profile,SECOND_READING_SKIPPED,TC_SECOND_READING;HDL_SECOND_READING;TG_SECOND_READING;LDL_SECOND_READING;NONHDL_SECOND_READING;TC_HDL_RATIO_SECOND_READING,SECOND_READING_SKIPPED = 1 or -998 (not offered) -> second readings -998; SECOND_READING_SKIPPED = 0 -> recorded,implied,dictionary v14 poct_lipid_profile: 'SECOND_READING_SKIPPED: Skipped the second set of POCT lipid measurements. Only participants with abnormal readings to the first measurements are offered a second measurement',D094,encoded,
R190,poct_lipid_profile,FIRST_READING_SKIPPED,SECOND_READING_SKIPPED,"FIRST_READING_SKIPPED = 1 -> SECOND_READING_SKIPPED = -998 (no first readings, so none abnormal, so no second offer)",inferred,domain: the source says only abnormal first readings lead to a second set,D129,not-enforceable,"checked as a warning, not a rejection: tools/warnings/poct_lipid_profile.warnings.json, run with tools/warn.py (D129)"
R191,poct_lipid_profile,TC_FIRST_READING;HDL_FIRST_READING;TG_FIRST_READING,SECOND_READING_SKIPPED,a second set is offered only when the first readings are abnormal,quoted,dictionary v14 poct_lipid_profile: 'SECOND_READING_SKIPPED: Skipped the second set of POCT lipid measurements. Only participants with abnormal readings to the first measurements are offered a second measurement',D095,not-enforceable,"no threshold for 'abnormal' is stated, so it cannot be checked"
R192,country_region,COUNTRY_AT_REG,REGION_AT_REG,country E92000001 -> regions TLC-TLK; W92000004 -> TLL; S92000003 -> TLM; N92000002 -> TLN,inferred,"domain: the region labels name their country, e.g. 'North East (England)'",D129,not-enforceable,"checked as a warning, not a rejection: tools/warnings/country_region.warnings.json, run with tools/warn.py (D129)"
R193,nhse_engwal_deaths,S_COD_CODE_1;S_COD_CODE_2;S_COD_CODE_3;S_COD_CODE_4;S_COD_CODE_5;S_COD_CODE_6;S_COD_CODE_7;S_COD_CODE_8;S_COD_CODE_9;S_COD_CODE_10;S_COD_CODE_11;S_COD_CODE_12;S_COD_CODE_13;S_COD_CODE_14,S_COD_CODE_2;S_COD_CODE_3;S_COD_CODE_4;S_COD_CODE_5;S_COD_CODE_6;S_COD_CODE_7;S_COD_CODE_8;S_COD_CODE_9;S_COD_CODE_10;S_COD_CODE_11;S_COD_CODE_12;S_COD_CODE_13;S_COD_CODE_14;S_COD_CODE_15,slot k not recorded (-998) -> every later slot not recorded,inferred,domain: fifteen numbered mention slots (D106),D122,not-enforceable,"checked as a warning, not a rejection: tools/warnings/nhse_engwal_deaths.warnings.json, run with tools/warn.py (D122)"
R194,nhse_eng_canreg_treat,CT_FLAG,CHEMO_ALL_DRUGS,CT_FLAG = 0 -> chemotherapy drug name -998,inferred,domain: flag beside its detail field (D107),D129,declined,steward: not important to encode (D129)
R195,nhse_eng_canreg_treat,RT_FLAG,RADIOCODE;RADIODESC,RT_FLAG = 0 -> radiotherapy code and description -998,inferred,"domain: flag beside its detail fields; code X is ""Unknown / Inapplicable"" (D108)",D129,declined,steward: not important to encode (D129)
R196,nhse_eng_canreg_treat,SG_FLAG,OPCS4_CODE;OPCS4_NAME,SG_FLAG = 0 -> OPCS-4 code and name -998,inferred,domain: flag beside its detail fields (D109),D129,declined,steward: not important to encode (D129)
R197,nhse_eng_canreg_pattumour,SITE_ICD10_O2,GLEASON_PRIMARY;GLEASON_SECONDARY;GLEASON_TERTIARY,site other than C61 (prostate) -> the three Gleason scores = 8 (not applicable),inferred,"domain: Gleason is a prostate score; the source labels code 8 ""not applicable"" (D112)",D129,not-enforceable,"checked as a warning, not a rejection: tools/warnings/nhse_eng_canreg_pattumour.warnings.json, run with tools/warn.py (D129)"
R198,nhse_eng_outpat,DIAG_4_01;DIAG_4_02;DIAG_4_03;DIAG_4_04;DIAG_4_05;DIAG_4_06;DIAG_4_07;DIAG_4_08;DIAG_4_09;DIAG_4_10;DIAG_4_11,DIAG_4_02;DIAG_4_03;DIAG_4_04;DIAG_4_05;DIAG_4_06;DIAG_4_07;DIAG_4_08;DIAG_4_09;DIAG_4_10;DIAG_4_11;DIAG_4_12,diagnosis slot k not recorded (-998) -> every later slot not recorded,inferred,domain: twelve numbered diagnosis slots (D113),D122,not-enforceable,"checked as a warning, not a rejection: tools/warnings/nhse_eng_outpat.warnings.json, run with tools/warn.py (D122)"
R199,nhse_eng_outpat,OPERTN_01;OPERTN_02;OPERTN_03;OPERTN_04;OPERTN_05;OPERTN_06;OPERTN_07;OPERTN_08;OPERTN_09;OPERTN_10;OPERTN_11;OPERTN_12;OPERTN_13;OPERTN_14;OPERTN_15;OPERTN_16;OPERTN_17;OPERTN_18;OPERTN_19;OPERTN_20;OPERTN_21;OPERTN_22;OPERTN_23,OPERTN_02;OPERTN_03;OPERTN_04;OPERTN_05;OPERTN_06;OPERTN_07;OPERTN_08;OPERTN_09;OPERTN_10;OPERTN_11;OPERTN_12;OPERTN_13;OPERTN_14;OPERTN_15;OPERTN_16;OPERTN_17;OPERTN_18;OPERTN_19;OPERTN_20;OPERTN_21;OPERTN_22;OPERTN_23;OPERTN_24,procedure slot k not recorded (-998) -> every later slot not recorded,inferred,domain: twenty-four numbered procedure slots (D113),D122,not-enforceable,"checked as a warning, not a rejection: tools/warnings/nhse_eng_outpat.warnings.json, run with tools/warn.py (D122)"
R203,nhse_eng_inpat,DIAG_4_01;DIAG_4_02;DIAG_4_03;DIAG_4_04;DIAG_4_05;DIAG_4_06;DIAG_4_07;DIAG_4_08;DIAG_4_09;DIAG_4_10;DIAG_4_11;DIAG_4_12;DIAG_4_13;DIAG_4_14;DIAG_4_15;DIAG_4_16;DIAG_4_17;DIAG_4_18;DIAG_4_19;OPDATE_01;OPDATE_02;OPDATE_03;OPDATE_04;OPDATE_05;OPDATE_06;OPDATE_07;OPDATE_08;OPDATE_09;OPDATE_10;OPDATE_11;OPDATE_12;OPDATE_13;OPDATE_14;OPDATE_15;OPDATE_16;OPDATE_17;OPDATE_18;OPDATE_19;OPDATE_20;OPDATE_21;OPDATE_22;OPDATE_23;OPERTN_01;OPERTN_02;OPERTN_03;OPERTN_04;OPERTN_05;OPERTN_06;OPERTN_07;OPERTN_08;OPERTN_09;OPERTN_10;OPERTN_11;OPERTN_12;OPERTN_13;OPERTN_14;OPERTN_15;OPERTN_16;OPERTN_17;OPERTN_18;OPERTN_19;OPERTN_20;OPERTN_21;OPERTN_22;OPERTN_23,DIAG_4_02;DIAG_4_03;DIAG_4_04;DIAG_4_05;DIAG_4_06;DIAG_4_07;DIAG_4_08;DIAG_4_09;DIAG_4_10;DIAG_4_11;DIAG_4_12;DIAG_4_13;DIAG_4_14;DIAG_4_15;DIAG_4_16;DIAG_4_17;DIAG_4_18;DIAG_4_19;DIAG_4_20;OPDATE_02;OPDATE_03;OPDATE_04;OPDATE_05;OPDATE_06;OPDATE_07;OPDATE_08;OPDATE_09;OPDATE_10;OPDATE_11;OPDATE_12;OPDATE_13;OPDATE_14;OPDATE_15;OPDATE_16;OPDATE_17;OPDATE_18;OPDATE_19;OPDATE_20;OPDATE_21;OPDATE_22;OPDATE_23;OPDATE_24;OPERTN_02;OPERTN_03;OPERTN_04;OPERTN_05;OPERTN_06;OPERTN_07;OPERTN_08;OPERTN_09;OPERTN_10;OPERTN_11;OPERTN_12;OPERTN_13;OPERTN_14;OPERTN_15;OPERTN_16;OPERTN_17;OPERTN_18;OPERTN_19;OPERTN_20;OPERTN_21;OPERTN_22;OPERTN_23;OPERTN_24,slot k not recorded (-998) -> every later slot in its family not recorded,inferred,domain: numbered slot families (D117),D122,not-enforceable,"checked as a warning, not a rejection: tools/warnings/nhse_eng_inpat.warnings.json, run with tools/warn.py (D122)"
R204,nhse_eng_inpat,OPERTN_01;OPERTN_02;OPERTN_03;OPERTN_04;OPERTN_05;OPERTN_06;OPERTN_07;OPERTN_08;OPERTN_09;OPERTN_10;OPERTN_11;OPERTN_12;OPERTN_13;OPERTN_14;OPERTN_15;OPERTN_16;OPERTN_17;OPERTN_18;OPERTN_19;OPERTN_20;OPERTN_21;OPERTN_22;OPERTN_23;OPERTN_24,OPDATE_01;OPDATE_02;OPDATE_03;OPDATE_04;OPDATE_05;OPDATE_06;OPDATE_07;OPDATE_08;OPDATE_09;OPDATE_10;OPDATE_11;OPDATE_12;OPDATE_13;OPDATE_14;OPDATE_15;OPDATE_16;OPDATE_17;OPDATE_18;OPDATE_19;OPDATE_20;OPDATE_21;OPDATE_22;OPDATE_23;OPDATE_24,OPERTN_k not recorded -> OPDATE_k not recorded,inferred,domain: detail column beside its main column in the same numbered slot (D117),D122,not-enforceable,"checked as a warning, not a rejection: tools/warnings/nhse_eng_inpat.warnings.json, run with tools/warn.py (D122)"
